cod_ibge,nome,microrregiao,mesorregiao,populacao_2022,pib_mil_reais,idhm,forest_pct,temp_mean_c,precip_annual_mm,humidity_mean_pct
3500105,Adamantina,Adamantina,Presidente Prudente,34687,1705895.0,0.79,3.14,,,
3500204,Adolfo,São José do Rio Preto,São José do Rio Preto,4351,215283.0,0.73,5.38,,,
3500303,Aguaí,Pirassununga,Campinas,32072,1773843.0,0.715,11.75,,,
3500402,Águas da Prata,São João da Boa Vista,Campinas,7369,272359.0,0.781,36.51,,,
3500501,Águas de Lindóia,Amparo,Campinas,17930,801115.0,0.745,18.53,,,
3500550,Águas de Santa Bárbara,Avaré,Bauru,7177,375562.0,0.757,18.25,,,
3500600,Águas de São Pedro,Piracicaba,Piracicaba,2780,185390.0,0.854,30.97,,,
3500709,Agudos,Bauru,Bauru,37680,3415809.0,0.745,19.59,,,
3500758,Alambari,Itapetininga,Itapetininga,6141,160252.0,0.712,16.29,,,
3500808,Alfredo Marcondes,Presidente Prudente,Presidente Prudente,4445,158137.0,0.741,2.67,,,
3500907,Altair,São José do Rio Preto,São José do Rio Preto,3451,210529.0,0.687,13.21,,,
3501004,Altinópolis,Batatais,Ribeirão Preto,16818,946538.0,0.73,26.3,,,
3501103,Alto Alegre,Birigui,Araçatuba,3841,172396.0,0.7,4.95,,,
3501152,Alumínio,Sorocaba,Macro Metropolitana Paulista,17301,3438994.0,0.766,29.22,,,
3501202,Álvares Florence,Votuporanga,São José do Rio Preto,3915,175598.0,0.728,7.4,,,
3501301,Álvares Machado,Presidente Prudente,Presidente Prudente,27255,859771.0,0.758,4.76,,,
3501400,Álvaro de Carvalho,Marília,Marília,4808,69377.0,0.688,19.65,,,
3501509,Alvinlândia,Marília,Marília,2885,82613.0,0.722,23.68,,,
3501608,Americana,Campinas,Campinas,237240,17600566.0,0.811,6.53,,,
3501707,Américo Brasiliense,Araraquara,Araraquara,33019,1504962.0,0.751,10.45,,,
3501806,Américo de Campos,Votuporanga,São José do Rio Preto,5870,175848.0,0.745,6.94,,,
3501905,Amparo,Amparo,Campinas,68008,6698469.0,0.785,18.8,,,
3502002,Analândia,São Carlos,Araraquara,4589,266292.0,0.754,26.9,,,
3502101,Andradina,Andradina,Araçatuba,59783,4464940.0,0.779,4.54,,,
3502200,Angatuba,Itapetininga,Itapetininga,24022,1776475.0,0.719,19.54,,,
3502309,Anhembi,Botucatu,Bauru,5674,315144.0,0.721,18.4,,,
3502408,Anhumas,Presidente Prudente,Presidente Prudente,4023,132376.0,0.741,8.4,,,
3502507,Aparecida,Guaratinguetá,Vale do Paraíba Paulista,32569,1369699.0,0.755,25.79,,,
3502606,Aparecida d'Oeste,Jales,São José do Rio Preto,4086,225794.0,0.721,4.65,,,
3502705,Apiaí,Capão Bonito,Itapetininga,24585,1235626.0,0.71,65.82,,,
3502754,Araçariguama,Sorocaba,Macro Metropolitana Paulista,21522,4832077.0,0.704,46.71,,,
3502804,Araçatuba,Araçatuba,Araçatuba,200124,11457740.0,0.788,3.49,,,
3502903,Araçoiaba da Serra,Sorocaba,Macro Metropolitana Paulista,32443,1523194.0,0.776,14.5,,,
3503000,Aramina,Ituverava,Ribeirão Preto,5420,219179.0,0.74,4.77,,,
3503109,Arandu,Avaré,Bauru,6885,217238.0,0.685,8.34,,,
3503158,Arapeí,Bananal,Vale do Paraíba Paulista,2330,53236.0,0.68,41.62,,,
3503208,Araraquara,Araraquara,Araraquara,242228,14689500.0,0.815,10.9,,,
3503307,Araras,Limeira,Piracicaba,130866,10022873.0,0.781,9.45,,,
3503356,Arco-Íris,Tupã,Marília,2044,136329.0,0.722,5.26,,,
3503406,Arealva,Bauru,Bauru,8130,301110.0,0.744,10.39,,,
3503505,Areias,Bananal,Vale do Paraíba Paulista,3577,75042.0,0.697,32.51,,,
3503604,Areiópolis,Bauru,Bauru,10130,221707.0,0.695,4.84,,,
3503703,Ariranha,Catanduva,São José do Rio Preto,7602,1252002.0,0.733,5.95,,,
3503802,Artur Nogueira,Mogi Mirim,Campinas,51456,2162833.0,0.749,5.61,,,
3503901,Arujá,Guarulhos,Metropolitana de São Paulo,86678,10426127.0,0.784,38.58,,,
3503950,Aspásia,Jales,São José do Rio Preto,1842,65851.0,0.735,3.21,,,
3504008,Assis,Assis,Assis,101409,4682609.0,0.805,14.7,,,
3504107,Atibaia,Bragança Paulista,Macro Metropolitana Paulista,158647,9426584.0,0.765,28.17,,,
3504206,Auriflama,Auriflama,São José do Rio Preto,13692,443572.0,0.773,5.23,,,
3504305,Avaí,Bauru,Bauru,4483,500953.0,0.714,13.06,,,
3504404,Avanhandava,Birigui,Araçatuba,11263,295755.0,0.705,4.62,,,
3504503,Avaré,Avaré,Bauru,92805,4408538.0,0.767,14.08,,,
3504602,Bady Bassitt,São José do Rio Preto,São José do Rio Preto,27260,762195.0,0.746,8.24,,,
3504701,Balbinos,Bauru,Bauru,3887,82895.0,0.669,5.52,,,
3504800,Bálsamo,São José do Rio Preto,São José do Rio Preto,9596,367871.0,0.756,12.95,,,
3504909,Bananal,Bananal,Vale do Paraíba Paulista,9969,282444.0,0.733,54.24,,,
3505005,Barão de Antonina,Itapeva,Itapetininga,3531,80403.0,0.711,13.42,,,
3505104,Barbosa,Birigui,Araçatuba,5640,186923.0,0.699,5.27,,,
3505203,Bariri,Jaú,Bauru,31595,1863764.0,0.75,5.32,,,
3505302,Barra Bonita,Jaú,Bauru,34346,2077901.0,0.788,5.18,,,
3505351,Barra do Chapéu,Capão Bonito,Itapetininga,5179,202870.0,0.66,47.72,,,
3505401,Barra do Turvo,Registro,Litoral Sul Paulista,6876,145159.0,0.641,75.64,,,
3505500,Barretos,Barretos,Ribeirão Preto,122485,6715414.0,0.789,10.56,,,
3505609,Barrinha,Ribeirão Preto,Ribeirão Preto,32092,737580.0,0.725,3.23,,,
3505708,Barueri,Osasco,Metropolitana de São Paulo,316473,71646710.0,0.786,12.1,,,
3505807,Bastos,Tupã,Marília,21503,1596603.0,0.751,7.56,,,
3505906,Batatais,Batatais,Ribeirão Preto,58402,3328690.0,0.761,12.78,,,
3506003,Bauru,Bauru,Bauru,379146,20654759.0,0.801,15.07,,,
3506102,Bebedouro,Jaboticabal,Ribeirão Preto,76373,5343661.0,0.78,8.46,,,
3506201,Bento de Abreu,Araçatuba,Araçatuba,2606,288020.0,0.744,5.63,,,
3506300,Bernardino de Campos,Ourinhos,Assis,11607,605499.0,0.734,8.95,,,
3506359,Bertioga,Santos,Metropolitana de São Paulo,64188,2663550.0,0.73,88.33,,,
3506409,Bilac,Birigui,Araçatuba,7319,307745.0,0.768,3.57,,,
3506508,Birigui,Birigui,Araçatuba,118979,4866490.0,0.78,4.08,,,
3506607,Biritiba Mirim,Mogi das Cruzes,Metropolitana de São Paulo,29683,1111541.0,0.712,62.11,,,
3506706,Boa Esperança do Sul,Araraquara,Araraquara,12978,633216.0,0.681,13.32,,,
3506805,Bocaina,Jaú,Bauru,11259,381376.0,0.742,15.72,,,
3506904,Bofete,Botucatu,Bauru,10460,309773.0,0.705,31.14,,,
3507001,Boituva,Tatuí,Itapetininga,61081,4474130.0,0.78,10.04,,,
3507100,Bom Jesus dos Perdões,Bragança Paulista,Macro Metropolitana Paulista,22006,1627411.0,0.713,54.0,,,
3507159,Bom Sucesso de Itararé,Itapeva,Itapetininga,3555,77487.0,0.66,47.2,,,
3507209,Borá,Assis,Assis,907,120962.0,0.746,11.07,,,
3507308,Boracéia,Jaú,Bauru,4715,657535.0,0.754,5.63,,,
3507407,Borborema,Araraquara,Araraquara,14226,704921.0,0.73,5.12,,,
3507456,Borebi,Bauru,Bauru,2713,118452.0,0.705,16.7,,,
3507506,Botucatu,Botucatu,Bauru,145155,7992148.0,0.8,19.98,,,
3507605,Bragança Paulista,Bragança Paulista,Macro Metropolitana Paulista,176811,10443288.0,0.776,15.92,,,
3507704,Braúna,Birigui,Araçatuba,5356,157855.0,0.737,4.97,,,
3507753,Brejo Alegre,Birigui,Araçatuba,2565,90697.0,0.71,3.27,,,
3507803,Brodowski,Ribeirão Preto,Ribeirão Preto,25201,1210305.0,0.755,11.08,,,
3507902,Brotas,Rio Claro,Piracicaba,23898,1555980.0,0.74,17.74,,,
3508009,Buri,Itapeva,Itapetininga,20250,907833.0,0.667,23.06,,,
3508108,Buritama,Birigui,Araçatuba,17210,746204.0,0.763,6.12,,,
3508207,Buritizal,Ituverava,Ribeirão Preto,4356,305568.0,0.735,17.16,,,
3508306,Cabrália Paulista,Bauru,Bauru,4299,177481.0,0.694,15.6,,,
3508405,Cabreúva,Sorocaba,Macro Metropolitana Paulista,47011,7240981.0,0.738,49.3,,,
3508504,Caçapava,São José dos Campos,Vale do Paraíba Paulista,96202,6516271.0,0.788,15.66,,,
3508603,Cachoeira Paulista,Guaratinguetá,Vale do Paraíba Paulista,31564,847786.0,0.764,12.09,,,
3508702,Caconde,São João da Boa Vista,Campinas,17101,554109.0,0.72,19.09,,,
3508801,Cafelândia,Lins,Bauru,16654,930635.0,0.742,9.35,,,
3508900,Caiabu,Presidente Prudente,Presidente Prudente,3712,88015.0,0.729,8.42,,,
3509007,Caieiras,Franco da Rocha,Metropolitana de São Paulo,95032,5507619.0,0.781,49.95,,,
3509106,Caiuá,Presidente Prudente,Presidente Prudente,5466,111895.0,0.697,4.76,,,
3509205,Cajamar,Osasco,Metropolitana de São Paulo,92689,28984602.0,0.728,47.91,,,
3509254,Cajati,Registro,Litoral Sul Paulista,28515,1987670.0,0.694,58.19,,,
3509304,Cajobi,Catanduva,São José do Rio Preto,9133,275001.0,0.734,8.14,,,
3509403,Cajuru,Batatais,Ribeirão Preto,23830,1123799.0,0.713,25.81,,,
3509452,Campina do Monte Alegre,Itapetininga,Itapetininga,5954,211436.0,0.717,14.28,,,
3509502,Campinas,Campinas,Campinas,1139047,91968328.0,0.805,9.17,,,
3509601,Campo Limpo Paulista,Jundiaí,Macro Metropolitana Paulista,77632,3233935.0,0.769,27.33,,,
3509700,Campos do Jordão,Campos do Jordão,Vale do Paraíba Paulista,46974,1946799.0,0.749,71.21,,,
3509809,Campos Novos Paulista,Assis,Assis,4888,342295.0,0.706,11.75,,,
3509908,Cananéia,Registro,Litoral Sul Paulista,12289,330538.0,0.72,83.87,,,
3509957,Canas,Guaratinguetá,Vale do Paraíba Paulista,4931,121017.0,0.704,7.88,,,
3510005,Cândido Mota,Assis,Assis,29449,2482755.0,0.747,3.67,,,
3510104,Cândido Rodrigues,Jaboticabal,Ribeirão Preto,2889,157951.0,0.789,6.04,,,
3510153,Canitar,Ourinhos,Assis,6283,218328.0,0.68,3.44,,,
3510203,Capão Bonito,Capão Bonito,Itapetininga,46337,1668882.0,0.721,38.34,,,
3510302,Capela do Alto,Sorocaba,Macro Metropolitana Paulista,22866,536048.0,0.699,15.68,,,
3510401,Capivari,Piracicaba,Piracicaba,50068,3824460.0,0.75,9.06,,,
3510500,Caraguatatuba,Caraguatatuba,Vale do Paraíba Paulista,134873,5822815.0,0.759,78.33,,,
3510609,Carapicuíba,Osasco,Metropolitana de São Paulo,386984,8436817.0,0.749,5.82,,,
3510708,Cardoso,Votuporanga,São José do Rio Preto,11345,440025.0,0.722,8.26,,,
3510807,Casa Branca,São João da Boa Vista,Campinas,28083,1494279.0,0.73,13.11,,,
3510906,Cássia dos Coqueiros,Batatais,Ribeirão Preto,2799,306056.0,0.734,29.03,,,
3511003,Castilho,Andradina,Araçatuba,19977,2275541.0,0.731,8.98,,,
3511102,Catanduva,Catanduva,São José do Rio Preto,115791,7029953.0,0.785,7.45,,,
3511201,Catiguá,Catanduva,São José do Rio Preto,7003,196946.0,0.751,7.1,,,
3511300,Cedral,São José do Rio Preto,São José do Rio Preto,12618,808870.0,0.766,6.86,,,
3511409,Cerqueira César,Avaré,Bauru,21469,1400618.0,0.729,12.38,,,
3511508,Cerquilho,Tatuí,Itapetininga,44695,2891328.0,0.782,5.67,,,
3511607,Cesário Lange,Tatuí,Itapetininga,19048,1215884.0,0.706,6.96,,,
3511706,Charqueada,Piracicaba,Piracicaba,15535,790607.0,0.736,12.33,,,
3511904,Clementina,Birigui,Araçatuba,6982,254107.0,0.725,3.51,,,
3512001,Colina,Barretos,Ribeirão Preto,18486,2052576.0,0.757,8.17,,,
3512100,Colômbia,Barretos,Ribeirão Preto,6629,743433.0,0.71,11.71,,,
3512209,Conchal,Limeira,Piracicaba,28101,1093664.0,0.708,8.76,,,
3512308,Conchas,Botucatu,Bauru,15232,551103.0,0.736,12.07,,,
3512407,Cordeirópolis,Limeira,Piracicaba,24514,4167915.0,0.758,6.39,,,
3512506,Coroados,Birigui,Araçatuba,5400,335405.0,0.719,3.82,,,
3512605,Coronel Macedo,Itapeva,Itapetininga,4280,165849.0,0.69,10.82,,,
3512704,Corumbataí,Rio Claro,Piracicaba,4195,354604.0,0.754,20.08,,,
3512803,Cosmópolis,Campinas,Campinas,59773,2313364.0,0.769,7.84,,,
3512902,Cosmorama,Votuporanga,São José do Rio Preto,8719,878427.0,0.722,9.03,,,
3513009,Cotia,Itapecerica da Serra,Metropolitana de São Paulo,274413,19060773.0,0.78,54.64,,,
3513108,Cravinhos,Ribeirão Preto,Ribeirão Preto,33281,2357353.0,0.756,6.93,,,
3513207,Cristais Paulista,Franca,Ribeirão Preto,9272,449171.0,0.734,17.82,,,
3513306,Cruzália,Assis,Assis,2108,218199.0,0.774,1.81,,,
3513405,Cruzeiro,Guaratinguetá,Vale do Paraíba Paulista,74961,4281962.0,0.788,34.51,,,
3513504,Cubatão,Santos,Metropolitana de São Paulo,112476,27813388.0,0.737,64.99,,,
3513603,Cunha,Paraibuna/Paraitinga,Vale do Paraíba Paulista,22110,432941.0,0.684,33.01,,,
3513702,Descalvado,São Carlos,Araraquara,31756,2584483.0,0.76,19.98,,,
3513801,Diadema,São Paulo,Metropolitana de São Paulo,393237,21229085.0,0.757,6.55,,,
3513850,Dirce Reis,Jales,São José do Rio Preto,1620,99485.0,0.741,9.77,,,
3513900,Divinolândia,São João da Boa Vista,Campinas,11158,528584.0,0.734,17.73,,,
3514007,Dobrada,Araraquara,Araraquara,8759,213755.0,0.718,3.59,,,
3514106,Dois Córregos,Jaú,Bauru,24510,1187097.0,0.725,9.86,,,
3514205,Dolcinópolis,Jales,São José do Rio Preto,2207,84390.0,0.742,2.25,,,
3514304,Dourado,São Carlos,Araraquara,8096,1178140.0,0.738,22.04,,,
3514403,Dracena,Dracena,Presidente Prudente,45474,1855224.0,0.776,5.17,,,
3514502,Duartina,Bauru,Bauru,12328,435780.0,0.748,12.45,,,
3514601,Dumont,Ribeirão Preto,Ribeirão Preto,9471,414002.0,0.744,4.31,,,
3514700,Echaporã,Marília,Marília,6205,187403.0,0.745,15.72,,,
3514809,Eldorado,Registro,Litoral Sul Paulista,13069,423995.0,0.691,84.03,,,
3514908,Elias Fausto,Campinas,Campinas,17699,2159509.0,0.695,4.3,,,
3514924,Elisiário,Catanduva,São José do Rio Preto,3138,121971.0,0.747,11.15,,,
3514957,Embaúba,Catanduva,São José do Rio Preto,2323,93032.0,0.73,7.52,,,
3515004,Embu das Artes,Itapecerica da Serra,Metropolitana de São Paulo,250691,17290650.0,0.735,33.11,,,
3515103,Embu-Guaçu,Itapecerica da Serra,Metropolitana de São Paulo,66970,1742920.0,0.749,60.91,,,
3515129,Emilianópolis,Presidente Prudente,Presidente Prudente,3014,97866.0,0.727,3.22,,,
3515152,Engenheiro Coelho,Mogi Mirim,Campinas,19566,814390.0,0.732,8.28,,,
3515186,Espírito Santo do Pinhal,São João da Boa Vista,Campinas,39816,2715247.0,0.787,20.09,,,
3515194,Espírito Santo do Turvo,Ourinhos,Assis,4157,181809.0,0.696,8.16,,,
3515202,Estrela d'Oeste,Fernandópolis,São José do Rio Preto,9417,1317163.0,0.76,7.04,,,
3515301,Estrela do Norte,Presidente Prudente,Presidente Prudente,2703,69692.0,0.74,7.57,,,
3515350,Euclides da Cunha Paulista,Presidente Prudente,Presidente Prudente,7924,162208.0,0.704,7.57,,,
3515400,Fartura,Ourinhos,Assis,16641,566395.0,0.732,12.86,,,
3515509,Fernandópolis,Fernandópolis,São José do Rio Preto,71186,2790708.0,0.797,6.2,,,
3515608,Fernando Prestes,Jaboticabal,Ribeirão Preto,5942,281662.0,0.758,6.86,,,
3515657,Fernão,Marília,Marília,1656,102634.0,0.703,14.29,,,
3515707,Ferraz de Vasconcelos,Mogi das Cruzes,Metropolitana de São Paulo,179198,5523981.0,0.738,18.17,,,
3515806,Flora Rica,Adamantina,Presidente Prudente,1487,65665.0,0.727,2.71,,,
3515905,Floreal,Auriflama,São José do Rio Preto,2733,131171.0,0.747,6.95,,,
3516002,Flórida Paulista,Adamantina,Presidente Prudente,12958,361684.0,0.715,3.82,,,
3516101,Florínea,Assis,Assis,3851,216161.0,0.713,3.79,,,
3516200,Franca,Franca,Ribeirão Preto,352536,14375667.0,0.78,18.07,,,
3516309,Francisco Morato,Franco da Rocha,Metropolitana de São Paulo,165139,2237469.0,0.703,28.25,,,
3516408,Franco da Rocha,Franco da Rocha,Metropolitana de São Paulo,144849,5438089.0,0.731,38.67,,,
3516507,Gabriel Monteiro,Birigui,Araçatuba,2763,123956.0,0.763,4.54,,,
3516606,Gália,Marília,Marília,6380,220849.0,0.709,19.69,,,
3516705,Garça,Marília,Marília,42110,1893766.0,0.769,17.96,,,
3516804,Gastão Vidigal,Auriflama,São José do Rio Preto,3252,101942.0,0.723,7.86,,,
3516853,Gavião Peixoto,Araraquara,Araraquara,4702,1735633.0,0.719,8.62,,,
3516903,General Salgado,Auriflama,São José do Rio Preto,10312,348923.0,0.747,7.85,,,
3517000,Getulina,Lins,Bauru,10232,272841.0,0.717,7.15,,,
3517109,Glicério,Birigui,Araçatuba,4138,188392.0,0.735,3.06,,,
3517208,Guaiçara,Lins,Bauru,11239,310852.0,0.739,4.66,,,
3517307,Guaimbê,Lins,Bauru,5512,593772.0,0.728,5.66,,,
3517406,Guaíra,São Joaquim da Barra,Ribeirão Preto,39279,3233958.0,0.753,6.09,,,
3517505,Guapiaçu,São José do Rio Preto,São José do Rio Preto,21711,1134077.0,0.725,8.82,,,
3517604,Guapiara,Capão Bonito,Itapetininga,17071,585182.0,0.675,43.27,,,
3517703,Guará,Ituverava,Ribeirão Preto,18606,854715.0,0.718,6.64,,,
3517802,Guaraçaí,Andradina,Araçatuba,7441,374454.0,0.719,10.25,,,
3517901,Guaraci,São José do Rio Preto,São José do Rio Preto,10350,660486.0,0.737,8.51,,,
3518008,Guarani d'Oeste,Fernandópolis,São José do Rio Preto,1968,48665.0,0.732,4.49,,,
3518107,Guarantã,Bauru,Bauru,6427,312045.0,0.713,9.88,,,
3518206,Guararapes,Araçatuba,Araçatuba,31043,1718488.0,0.763,5.36,,,
3518305,Guararema,Mogi das Cruzes,Metropolitana de São Paulo,31236,2034663.0,0.731,31.4,,,
3518404,Guaratinguetá,Guaratinguetá,Vale do Paraíba Paulista,118044,8369821.0,0.798,30.59,,,
3518503,Guareí,Itapetininga,Itapetininga,15013,386201.0,0.687,21.71,,,
3518602,Guariba,Jaboticabal,Ribeirão Preto,37498,1517994.0,0.719,3.65,,,
3518701,Guarujá,Santos,Metropolitana de São Paulo,287634,11536359.0,0.751,54.9,,,
3518800,Guarulhos,Guarulhos,Metropolitana de São Paulo,1291771,97557674.0,0.763,37.06,,,
3518859,Guatapará,Ribeirão Preto,Ribeirão Preto,7320,353798.0,0.743,8.54,,,
3518909,Guzolândia,Auriflama,São José do Rio Preto,4246,120156.0,0.697,5.18,,,
3519006,Herculândia,Tupã,Marília,9125,552689.0,0.727,2.48,,,
3519055,Holambra,Campinas,Campinas,15094,1806633.0,0.793,7.9,,,
3519071,Hortolândia,Campinas,Campinas,236641,22163924.0,0.756,1.08,,,
3519105,Iacanga,Bauru,Bauru,10437,687530.0,0.745,8.81,,,
3519204,Iacri,Tupã,Marília,6131,372134.0,0.733,5.11,,,
3519253,Iaras,Avaré,Bauru,8010,326007.0,0.674,20.58,,,
3519303,Ibaté,São Carlos,Araraquara,32178,1516837.0,0.703,16.14,,,
3519402,Ibirá,São José do Rio Preto,São José do Rio Preto,11690,418178.0,0.74,9.3,,,
3519501,Ibirarema,Assis,Assis,6385,331387.0,0.708,4.25,,,
3519600,Ibitinga,Araraquara,Araraquara,60033,2528835.0,0.747,6.06,,,
3519709,Ibiúna,Piedade,Macro Metropolitana Paulista,75605,3023501.0,0.71,61.32,,,
3519808,Icém,São José do Rio Preto,São José do Rio Preto,7819,263932.0,0.72,12.81,,,
3519907,Iepê,Assis,Assis,7619,503732.0,0.736,7.51,,,
3520004,Igaraçu do Tietê,Jaú,Bauru,23106,477976.0,0.727,3.04,,,
3520103,Igarapava,Ituverava,Ribeirão Preto,26212,1422122.0,0.768,13.25,,,
3520202,Igaratá,São José dos Campos,Vale do Paraíba Paulista,10605,353163.0,0.711,35.69,,,
3520301,Iguape,Registro,Litoral Sul Paulista,29115,1896850.0,0.726,82.75,,,
3520400,Ilhabela,Caraguatatuba,Vale do Paraíba Paulista,34934,14830715.0,0.756,94.09,,,
3520426,Ilha Comprida,Registro,Litoral Sul Paulista,13419,2802536.0,0.725,55.32,,,
3520442,Ilha Solteira,Andradina,Araçatuba,25549,917732.0,0.812,3.26,,,
3520509,Indaiatuba,Campinas,Campinas,255748,28264863.0,0.788,7.96,,,
3520608,Indiana,Presidente Prudente,Presidente Prudente,5090,99886.0,0.761,10.4,,,
3520707,Indiaporã,Fernandópolis,São José do Rio Preto,4035,167087.0,0.751,6.44,,,
3520806,Inúbia Paulista,Adamantina,Presidente Prudente,3615,176723.0,0.759,8.29,,,
3520905,Ipaussu,Ourinhos,Assis,13712,678118.0,0.727,11.32,,,
3521002,Iperó,Sorocaba,Macro Metropolitana Paulista,36459,1291003.0,0.719,29.98,,,
3521101,Ipeúna,Rio Claro,Piracicaba,6831,1055776.0,0.753,18.02,,,
3521150,Ipiguá,São José do Rio Preto,São José do Rio Preto,6761,173091.0,0.73,11.42,,,
3521200,Iporanga,Capão Bonito,Itapetininga,4046,70829.0,0.703,90.69,,,
3521309,Ipuã,São Joaquim da Barra,Ribeirão Preto,14454,589810.0,0.749,5.95,,,
3521408,Iracemápolis,Limeira,Piracicaba,21967,2403778.0,0.776,8.44,,,
3521507,Irapuã,Novo Horizonte,São José do Rio Preto,6867,282416.0,0.713,11.64,,,
3521606,Irapuru,Adamantina,Presidente Prudente,7085,142422.0,0.712,3.6,,,
3521705,Itaberá,Itapeva,Itapetininga,17983,1058159.0,0.693,15.11,,,
3521804,Itaí,Avaré,Bauru,25180,1082752.0,0.713,11.07,,,
3521903,Itajobi,Novo Horizonte,São José do Rio Preto,16989,1278534.0,0.73,7.03,,,
3522000,Itaju,Jaú,Bauru,3618,308305.0,0.705,5.95,,,
3522109,Itanhaém,Itanhaém,Litoral Sul Paulista,112476,2956406.0,0.745,87.22,,,
3522158,Itaoca,Capão Bonito,Itapetininga,3422,67982.0,0.68,45.0,,,
3522208,Itapecerica da Serra,Itapecerica da Serra,Metropolitana de São Paulo,158522,6215134.0,0.742,53.06,,,
3522307,Itapetininga,Itapetininga,Itapetininga,157790,7962802.0,0.763,19.02,,,
3522406,Itapeva,Itapeva,Itapetininga,89728,4558512.0,0.732,20.63,,,
3522505,Itapevi,Osasco,Metropolitana de São Paulo,232297,15615097.0,0.735,34.51,,,
3522604,Itapira,Mogi Mirim,Campinas,72022,6365974.0,0.762,13.52,,,
3522653,Itapirapuã Paulista,Capão Bonito,Itapetininga,4306,77308.0,0.661,48.1,,,
3522703,Itápolis,Araraquara,Araraquara,39493,2524858.0,0.744,7.88,,,
3522802,Itaporanga,Itapeva,Itapetininga,14085,408307.0,0.719,13.32,,,
3522901,Itapuí,Jaú,Bauru,13659,1311338.0,0.725,2.46,,,
3523008,Itapura,Andradina,Araçatuba,3979,209349.0,0.72,4.11,,,
3523107,Itaquaquecetuba,Mogi das Cruzes,Metropolitana de São Paulo,369275,11979260.0,0.714,7.75,,,
3523206,Itararé,Itapeva,Itapetininga,44438,1406445.0,0.703,21.2,,,
3523305,Itariri,Itanhaém,Litoral Sul Paulista,15528,400627.0,0.677,78.55,,,
3523404,Itatiba,Bragança Paulista,Macro Metropolitana Paulista,121590,10327467.0,0.778,16.57,,,
3523503,Itatinga,Avaré,Bauru,19070,601161.0,0.706,20.5,,,
3523602,Itirapina,Rio Claro,Piracicaba,16148,1570273.0,0.724,23.53,,,
3523701,Itirapuã,Franca,Ribeirão Preto,5779,190876.0,0.707,19.6,,,
3523800,Itobi,São João da Boa Vista,Campinas,8046,251138.0,0.717,11.22,,,
3523909,Itu,Sorocaba,Macro Metropolitana Paulista,168240,14012530.0,0.773,20.87,,,
3524006,Itupeva,Jundiaí,Macro Metropolitana Paulista,70616,10529260.0,0.762,18.45,,,
3524105,Ituverava,Ituverava,Ribeirão Preto,37571,2218625.0,0.765,7.54,,,
3524204,Jaborandi,São Joaquim da Barra,Ribeirão Preto,6221,247095.0,0.711,5.93,,,
3524303,Jaboticabal,Jaboticabal,Ribeirão Preto,71821,4156253.0,0.778,4.36,,,
3524402,Jacareí,São José dos Campos,Vale do Paraíba Paulista,240275,19692996.0,0.777,17.18,,,
3524501,Jaci,São José do Rio Preto,São José do Rio Preto,7613,880800.0,0.723,8.97,,,
3524600,Jacupiranga,Registro,Litoral Sul Paulista,16097,698901.0,0.717,73.73,,,
3524709,Jaguariúna,Campinas,Campinas,59347,14680878.0,0.784,7.6,,,
3524808,Jales,Jales,São José do Rio Preto,48776,2590208.0,0.776,5.87,,,
3524907,Jambeiro,Paraibuna/Paraitinga,Vale do Paraíba Paulista,6397,461642.0,0.756,25.62,,,
3525003,Jandira,Osasco,Metropolitana de São Paulo,118045,5547107.0,0.76,9.54,,,
3525102,Jardinópolis,Ribeirão Preto,Ribeirão Preto,45282,2398612.0,0.735,9.5,,,
3525201,Jarinu,Bragança Paulista,Macro Metropolitana Paulista,37535,3546444.0,0.733,27.22,,,
3525300,Jaú,Jaú,Bauru,133497,6542933.0,0.778,4.07,,,
3525409,Jeriquara,Franca,Ribeirão Preto,3863,308789.0,0.703,12.43,,,
3525508,Joanópolis,Bragança Paulista,Macro Metropolitana Paulista,12815,335737.0,0.699,36.56,,,
3525607,João Ramalho,Presidente Prudente,Presidente Prudente,4371,187000.0,0.741,7.22,,,
3525706,José Bonifácio,São José do Rio Preto,São José do Rio Preto,36633,1940540.0,0.777,6.64,,,
3525805,Júlio Mesquita,Lins,Bauru,4254,82839.0,0.716,9.56,,,
3525854,Jumirim,Piracicaba,Piracicaba,3056,287951.0,0.741,9.93,,,
3525904,Jundiaí,Jundiaí,Macro Metropolitana Paulista,443221,65418378.0,0.822,36.77,,,
3526001,Junqueirópolis,Dracena,Presidente Prudente,20448,940871.0,0.745,3.93,,,
3526100,Juquiá,Registro,Litoral Sul Paulista,17154,446418.0,0.7,79.3,,,
3526209,Juquitiba,Itapecerica da Serra,Metropolitana de São Paulo,27404,660665.0,0.709,86.99,,,
3526308,Lagoinha,Paraibuna/Paraitinga,Vale do Paraíba Paulista,5083,101411.0,0.693,24.35,,,
3526407,Laranjal Paulista,Tatuí,Itapetininga,26261,1688979.0,0.729,6.54,,,
3526506,Lavínia,Araçatuba,Araçatuba,9689,262294.0,0.721,5.53,,,
3526605,Lavrinhas,Guaratinguetá,Vale do Paraíba Paulista,7171,169896.0,0.729,34.41,,,
3526704,Leme,Limeira,Piracicaba,98161,4938512.0,0.744,8.39,,,
3526803,Lençóis Paulista,Bauru,Bauru,66505,6564648.0,0.764,9.25,,,
3526902,Limeira,Limeira,Piracicaba,291869,20876940.0,0.775,7.49,,,
3527009,Lindóia,Amparo,Campinas,7014,405308.0,0.742,16.0,,,
3527108,Lins,Lins,Bauru,74779,8610363.0,0.786,6.8,,,
3527207,Lorena,Guaratinguetá,Vale do Paraíba Paulista,84855,4501318.0,0.766,19.78,,,
3527256,Lourdes,Birigui,Araçatuba,1950,55440.0,0.742,8.28,,,
3527306,Louveira,Jundiaí,Macro Metropolitana Paulista,51847,20154612.0,0.777,19.46,,,
3527405,Lucélia,Adamantina,Presidente Prudente,20061,600068.0,0.752,4.9,,,
3527504,Lucianópolis,Bauru,Bauru,2372,138654.0,0.733,12.51,,,
3527603,Luís Antônio,Ribeirão Preto,Ribeirão Preto,12265,2385617.0,0.731,26.95,,,
3527702,Luiziânia,Birigui,Araçatuba,4701,117809.0,0.702,5.45,,,
3527801,Lupércio,Marília,Marília,3981,115244.0,0.724,23.23,,,
3527900,Lutécia,Assis,Assis,2661,135645.0,0.72,10.46,,,
3528007,Macatuba,Jaú,Bauru,16829,691847.0,0.77,5.4,,,
3528106,Macaubal,Nhandeara,São José do Rio Preto,7481,245038.0,0.743,8.96,,,
3528205,Macedônia,Fernandópolis,São José do Rio Preto,3963,123750.0,0.74,6.34,,,
3528304,Magda,Auriflama,São José do Rio Preto,3165,168949.0,0.753,14.21,,,
3528403,Mairinque,Sorocaba,Macro Metropolitana Paulista,50027,2923463.0,0.743,33.37,,,
3528502,Mairiporã,Franco da Rocha,Metropolitana de São Paulo,93853,2767181.0,0.788,63.1,,,
3528601,Manduri,Ourinhos,Assis,9871,361118.0,0.739,10.31,,,
3528700,Marabá Paulista,Presidente Prudente,Presidente Prudente,4573,201668.0,0.677,4.98,,,
3528809,Maracaí,Assis,Assis,12673,1039676.0,0.771,4.83,,,
3528858,Marapoama,Novo Horizonte,São José do Rio Preto,3292,163562.0,0.752,6.02,,,
3528908,Mariápolis,Adamantina,Presidente Prudente,3513,90255.0,0.718,2.5,,,
3529005,Marília,Marília,Marília,237627,12507571.0,0.798,15.46,,,
3529104,Marinópolis,Jales,São José do Rio Preto,1860,56365.0,0.731,3.86,,,
3529203,Martinópolis,Presidente Prudente,Presidente Prudente,24881,949416.0,0.721,8.36,,,
3529302,Matão,Araraquara,Araraquara,79033,7646780.0,0.773,12.29,,,
3529401,Mauá,São Paulo,Metropolitana de São Paulo,418261,25000732.0,0.766,18.65,,,
3529500,Mendonça,São José do Rio Preto,São José do Rio Preto,6159,593745.0,0.744,8.93,,,
3529609,Meridiano,Fernandópolis,São José do Rio Preto,4572,437548.0,0.731,11.93,,,
3529658,Mesópolis,Jales,São José do Rio Preto,1952,108331.0,0.724,4.33,,,
3529708,Miguelópolis,São Joaquim da Barra,Ribeirão Preto,19441,1113098.0,0.741,4.52,,,
3529807,Mineiros do Tietê,Jaú,Bauru,11230,309941.0,0.73,8.75,,,
3529906,Miracatu,Registro,Litoral Sul Paulista,18553,560827.0,0.697,84.9,,,
3530003,Mira Estrela,Fernandópolis,São José do Rio Preto,3126,77240.0,0.743,5.8,,,
3530102,Mirandópolis,Andradina,Araçatuba,27983,978818.0,0.751,7.18,,,
3530201,Mirante do Paranapanema,Presidente Prudente,Presidente Prudente,15917,651108.0,0.724,3.24,,,
3530300,Mirassol,São José do Rio Preto,São José do Rio Preto,63337,3345888.0,0.762,8.47,,,
3530409,Mirassolândia,São José do Rio Preto,São José do Rio Preto,4669,378154.0,0.738,11.51,,,
3530508,Mococa,São João da Boa Vista,Campinas,67681,4014553.0,0.762,17.24,,,
3530607,Mogi das Cruzes,Mogi das Cruzes,Metropolitana de São Paulo,451505,26072522.0,0.783,43.76,,,
3530706,Mogi Guaçu,Mogi Mirim,Campinas,153658,9433838.0,0.774,15.36,,,
3530805,Mogi Mirim,Mogi Mirim,Campinas,92558,8092719.0,0.784,6.14,,,
3530904,Mombuca,Piracicaba,Piracicaba,3722,179189.0,0.719,11.64,,,
3531001,Monções,Nhandeara,São José do Rio Preto,1937,77881.0,0.772,6.39,,,
3531100,Mongaguá,Itanhaém,Litoral Sul Paulista,61951,1535906.0,0.754,81.51,,,
3531209,Monte Alegre do Sul,Amparo,Campinas,8627,304555.0,0.759,28.39,,,
3531308,Monte Alto,Jaboticabal,Ribeirão Preto,47574,3062782.0,0.768,8.69,,,
3531407,Monte Aprazível,Nhandeara,São José do Rio Preto,22280,1038560.0,0.785,7.56,,,
3531506,Monte Azul Paulista,Jaboticabal,Ribeirão Preto,18151,958014.0,0.753,7.19,,,
3531605,Monte Castelo,Dracena,Presidente Prudente,4222,161947.0,0.741,9.44,,,
3531704,Monteiro Lobato,Campos do Jordão,Vale do Paraíba Paulista,4138,113891.0,0.71,54.6,,,
3531803,Monte Mor,Campinas,Campinas,64662,6049398.0,0.733,5.09,,,
3531902,Morro Agudo,São Joaquim da Barra,Ribeirão Preto,27933,1980195.0,0.712,5.25,,,
3532009,Morungaba,Bragança Paulista,Macro Metropolitana Paulista,13720,765641.0,0.715,20.41,,,
3532058,Motuca,Araraquara,Araraquara,4034,171027.0,0.741,8.08,,,
3532108,Murutinga do Sul,Andradina,Araçatuba,3737,113474.0,0.726,6.44,,,
3532157,Nantes,Assis,Assis,2660,189556.0,0.714,5.9,,,
3532207,Narandiba,Presidente Prudente,Presidente Prudente,5713,896057.0,0.718,12.34,,,
3532306,Natividade da Serra,Paraibuna/Paraitinga,Vale do Paraíba Paulista,6999,159425.0,0.655,44.65,,,
3532405,Nazaré Paulista,Bragança Paulista,Macro Metropolitana Paulista,18217,595410.0,0.678,48.54,,,
3532504,Neves Paulista,Nhandeara,São José do Rio Preto,9699,384592.0,0.754,6.88,,,
3532603,Nhandeara,Nhandeara,São José do Rio Preto,9852,507862.0,0.751,9.64,,,
3532702,Nipoã,Nhandeara,São José do Rio Preto,4750,146719.0,0.713,7.38,,,
3532801,Nova Aliança,São José do Rio Preto,São José do Rio Preto,6693,361490.0,0.738,11.71,,,
3532827,Nova Campina,Itapeva,Itapetininga,8497,260753.0,0.651,37.87,,,
3532843,Nova Canaã Paulista,Jales,São José do Rio Preto,2032,57172.0,0.715,2.91,,,
3532868,Nova Castilho,Auriflama,São José do Rio Preto,1062,91228.0,0.756,8.77,,,
3532900,Nova Europa,Araraquara,Araraquara,9311,556400.0,0.765,6.94,,,
3533007,Nova Granada,São José do Rio Preto,São José do Rio Preto,19419,732341.0,0.739,9.67,,,
3533106,Nova Guataporanga,Dracena,Presidente Prudente,2156,47451.0,0.726,1.5,,,
3533205,Nova Independência,Andradina,Araçatuba,4609,285939.0,0.735,7.69,,,
3533254,Novais,Catanduva,São José do Rio Preto,4412,105507.0,0.719,7.69,,,
3533304,Nova Luzitânia,Auriflama,São José do Rio Preto,2837,70080.0,0.743,10.56,,,
3533403,Nova Odessa,Campinas,Campinas,62019,5613297.0,0.791,5.73,,,
3533502,Novo Horizonte,Novo Horizonte,São José do Rio Preto,38324,2313783.0,0.753,12.47,,,
3533601,Nuporanga,São Joaquim da Barra,Ribeirão Preto,7391,1235537.0,0.746,8.35,,,
3533700,Ocauçu,Marília,Marília,4331,163910.0,0.717,17.32,,,
3533809,Óleo,Ourinhos,Assis,2512,143212.0,0.73,9.47,,,
3533908,Olímpia,São José do Rio Preto,São José do Rio Preto,55074,3569676.0,0.773,10.55,,,
3534005,Onda Verde,São José do Rio Preto,São José do Rio Preto,4771,370589.0,0.738,9.57,,,
3534104,Oriente,Marília,Marília,6085,194079.0,0.77,18.52,,,
3534203,Orindiúva,São José do Rio Preto,São José do Rio Preto,6024,830370.0,0.767,8.52,,,
3534302,Orlândia,São Joaquim da Barra,Ribeirão Preto,38319,3247648.0,0.78,7.73,,,
3534401,Osasco,Osasco,Metropolitana de São Paulo,728615,119404053.0,0.776,5.37,,,
3534500,Oscar Bressane,Marília,Marília,2470,123399.0,0.749,10.52,,,
3534609,Osvaldo Cruz,Adamantina,Presidente Prudente,31272,1615248.0,0.762,7.73,,,
3534708,Ourinhos,Ourinhos,Assis,103970,4902762.0,0.778,4.8,,,
3534757,Ouroeste,Fernandópolis,São José do Rio Preto,10294,670735.0,0.77,9.83,,,
3534807,Ouro Verde,Dracena,Presidente Prudente,7779,186891.0,0.692,5.0,,,
3534906,Pacaembu,Adamantina,Presidente Prudente,14877,285244.0,0.725,3.27,,,
3535002,Palestina,São José do Rio Preto,São José do Rio Preto,11476,603348.0,0.732,7.94,,,
3535101,Palmares Paulista,Catanduva,São José do Rio Preto,9650,209646.0,0.722,7.92,,,
3535200,Palmeira d'Oeste,Jales,São José do Rio Preto,8903,308864.0,0.753,4.39,,,
3535309,Palmital,Assis,Assis,19594,1405807.0,0.746,4.41,,,
3535408,Panorama,Dracena,Presidente Prudente,14964,397153.0,0.722,5.18,,,
3535507,Paraguaçu Paulista,Assis,Assis,41120,3133902.0,0.762,7.98,,,
3535606,Paraibuna,Paraibuna/Paraitinga,Vale do Paraíba Paulista,17667,408569.0,0.719,33.85,,,
3535705,Paraíso,Catanduva,São José do Rio Preto,6099,436076.0,0.749,7.96,,,
3535804,Paranapanema,Avaré,Bauru,19395,1222547.0,0.717,14.07,,,
3535903,Paranapuã,Jales,São José do Rio Preto,4031,160653.0,0.732,3.11,,,
3536000,Parapuã,Adamantina,Presidente Prudente,10580,1150356.0,0.737,4.85,,,
3536109,Pardinho,Botucatu,Bauru,7153,515971.0,0.727,18.97,,,
3536208,Pariquera-Açu,Registro,Litoral Sul Paulista,19233,753097.0,0.736,62.23,,,
3536257,Parisi,Votuporanga,São José do Rio Preto,2892,67931.0,0.721,5.3,,,
3536307,Patrocínio Paulista,Franca,Ribeirão Preto,14512,1850012.0,0.73,25.87,,,
3536406,Paulicéia,Dracena,Presidente Prudente,7955,322394.0,0.711,8.74,,,
3536505,Paulínia,Campinas,Campinas,110537,67067300.0,0.795,5.6,,,
3536570,Paulistânia,Bauru,Bauru,2090,74506.0,0.718,17.58,,,
3536604,Paulo de Faria,São José do Rio Preto,São José do Rio Preto,7400,426146.0,0.725,8.42,,,
3536703,Pederneiras,Jaú,Bauru,44827,3840421.0,0.739,11.74,,,
3536802,Pedra Bela,Amparo,Campinas,6557,147569.0,0.677,18.59,,,
3536901,Pedranópolis,Fernandópolis,São José do Rio Preto,2787,116928.0,0.742,6.63,,,
3537008,Pedregulho,Franca,Ribeirão Preto,15525,1417488.0,0.715,26.98,,,
3537107,Pedreira,Campinas,Campinas,43112,1817292.0,0.769,16.76,,,
3537156,Pedrinhas Paulista,Assis,Assis,2804,177967.0,0.774,1.2,,,
3537206,Pedro de Toledo,Itanhaém,Litoral Sul Paulista,11281,208399.0,0.696,92.3,,,
3537305,Penápolis,Birigui,Araçatuba,61679,2743180.0,0.759,4.22,,,
3537404,Pereira Barreto,Andradina,Araçatuba,24095,1495859.0,0.766,4.33,,,
3537503,Pereiras,Tatuí,Itapetininga,8737,410463.0,0.736,6.05,,,
3537602,Peruíbe,Itanhaém,Litoral Sul Paulista,68352,2366996.0,0.749,76.33,,,
3537701,Piacatu,Birigui,Araçatuba,5519,160075.0,0.732,8.54,,,
3537800,Piedade,Piedade,Macro Metropolitana Paulista,52970,1839652.0,0.716,41.4,,,
3537909,Pilar do Sul,Piedade,Macro Metropolitana Paulista,27619,1502794.0,0.69,29.75,,,
3538006,Pindamonhangaba,São José dos Campos,Vale do Paraíba Paulista,165428,13674680.0,0.773,30.59,,,
3538105,Pindorama,Catanduva,São José do Rio Preto,14542,733296.0,0.737,8.37,,,
3538204,Pinhalzinho,Amparo,Campinas,15224,416405.0,0.725,16.03,,,
3538303,Piquerobi,Presidente Prudente,Presidente Prudente,3264,100296.0,0.711,4.05,,,
3538501,Piquete,Guaratinguetá,Vale do Paraíba Paulista,12490,227361.0,0.757,48.52,,,
3538600,Piracaia,Bragança Paulista,Macro Metropolitana Paulista,26029,799449.0,0.739,33.13,,,
3538709,Piracicaba,Piracicaba,Piracicaba,423323,44351588.0,0.785,10.89,,,
3538808,Piraju,Ourinhos,Assis,29436,1088629.0,0.758,16.9,,,
3538907,Pirajuí,Bauru,Bauru,22431,737809.0,0.749,9.47,,,
3539004,Pirangi,Jaboticabal,Ribeirão Preto,10885,535545.0,0.756,6.51,,,
3539103,Pirapora do Bom Jesus,Osasco,Metropolitana de São Paulo,18370,693314.0,0.727,53.92,,,
3539202,Pirapozinho,Presidente Prudente,Presidente Prudente,25348,1410928.0,0.776,5.14,,,
3539301,Pirassununga,Pirassununga,Campinas,73545,4304413.0,0.801,13.94,,,
3539400,Piratininga,Bauru,Bauru,15108,389655.0,0.779,15.76,,,
3539509,Pitangueiras,Jaboticabal,Ribeirão Preto,33674,1830160.0,0.723,3.2,,,
3539608,Planalto,São José do Rio Preto,São José do Rio Preto,4389,331487.0,0.719,11.39,,,
3539707,Platina,Assis,Assis,3025,160406.0,0.719,9.12,,,
3539806,Poá,Mogi das Cruzes,Metropolitana de São Paulo,103765,4610760.0,0.771,5.18,,,
3539905,Poloni,Nhandeara,São José do Rio Preto,5592,199994.0,0.766,7.69,,,
3540002,Pompéia,Marília,Marília,20196,2509065.0,0.786,7.73,,,
3540101,Pongaí,Bauru,Bauru,3395,124380.0,0.755,4.74,,,
3540200,Pontal,Ribeirão Preto,Ribeirão Preto,37607,2153954.0,0.725,4.86,,,
3540259,Pontalinda,Jales,São José do Rio Preto,4127,131997.0,0.702,8.87,,,
3540309,Pontes Gestal,Votuporanga,São José do Rio Preto,2387,152499.0,0.732,9.03,,,
3540408,Populina,Jales,São José do Rio Preto,4127,156037.0,0.714,5.61,,,
3540507,Porangaba,Tatuí,Itapetininga,10451,309200.0,0.703,10.59,,,
3540606,Porto Feliz,Sorocaba,Macro Metropolitana Paulista,56497,5067049.0,0.758,7.98,,,
3540705,Porto Ferreira,Pirassununga,Campinas,52649,3069355.0,0.751,13.5,,,
3540754,Potim,Guaratinguetá,Vale do Paraíba Paulista,20392,355271.0,0.697,3.57,,,
3540804,Potirendaba,São José do Rio Preto,São José do Rio Preto,18496,1017223.0,0.747,8.01,,,
3540853,Pracinha,Adamantina,Presidente Prudente,2578,44001.0,0.696,2.29,,,
3540903,Pradópolis,Ribeirão Preto,Ribeirão Preto,17078,1456796.0,0.733,4.15,,,
3541000,Praia Grande,Santos,Metropolitana de São Paulo,349935,11396646.0,0.754,68.31,,,
3541059,Pratânia,Botucatu,Bauru,5126,252655.0,0.701,13.17,,,
3541109,Presidente Alves,Bauru,Bauru,3804,112972.0,0.735,18.81,,,
3541208,Presidente Bernardes,Presidente Prudente,Presidente Prudente,14490,351783.0,0.757,7.8,,,
3541307,Presidente Epitácio,Presidente Prudente,Presidente Prudente,39505,1521762.0,0.75,3.91,,,
3541406,Presidente Prudente,Presidente Prudente,Presidente Prudente,225668,11617599.0,0.806,7.68,,,
3541505,Presidente Venceslau,Presidente Prudente,Presidente Prudente,35201,1096298.0,0.763,4.15,,,
3541604,Promissão,Lins,Bauru,35131,3349681.0,0.743,6.57,,,
3541653,Quadra,Tatuí,Itapetininga,3405,209960.0,0.678,8.8,,,
3541703,Quatá,Assis,Assis,13163,1087543.0,0.738,10.09,,,
3541802,Queiroz,Tupã,Marília,3265,1095800.0,0.715,4.73,,,
3541901,Queluz,Guaratinguetá,Vale do Paraíba Paulista,9159,481509.0,0.722,37.34,,,
3542008,Quintana,Tupã,Marília,7038,371696.0,0.732,11.16,,,
3542107,Rafard,Piracicaba,Piracicaba,8965,594930.0,0.745,8.33,,,
3542206,Rancharia,Presidente Prudente,Presidente Prudente,28588,1999657.0,0.751,9.42,,,
3542305,Redenção da Serra,Paraibuna/Paraitinga,Vale do Paraíba Paulista,4494,122059.0,0.657,31.22,,,
3542404,Regente Feijó,Presidente Prudente,Presidente Prudente,20145,1293798.0,0.768,6.72,,,
3542503,Reginópolis,Bauru,Bauru,7662,270644.0,0.728,10.75,,,
3542602,Registro,Registro,Litoral Sul Paulista,59947,2931915.0,0.754,51.56,,,
3542701,Restinga,Franca,Ribeirão Preto,6404,311797.0,0.705,16.55,,,
3542800,Ribeira,Capão Bonito,Itapetininga,3132,61922.0,0.698,62.9,,,
3542909,Ribeirão Bonito,São Carlos,Araraquara,10989,494054.0,0.712,20.4,,,
3543006,Ribeirão Branco,Capão Bonito,Itapetininga,18627,640749.0,0.639,40.38,,,
3543105,Ribeirão Corrente,Franca,Ribeirão Preto,4608,282574.0,0.711,14.86,,,
3543204,Ribeirão do Sul,Ourinhos,Assis,4677,326855.0,0.747,6.79,,,
3543238,Ribeirão dos Índios,Presidente Prudente,Presidente Prudente,2025,56509.0,0.721,3.59,,,
3543253,Ribeirão Grande,Capão Bonito,Itapetininga,7450,127269.0,0.705,63.04,,,
3543303,Ribeirão Pires,São Paulo,Metropolitana de São Paulo,115559,4853229.0,0.784,52.18,,,
3543402,Ribeirão Preto,Ribeirão Preto,Ribeirão Preto,698642,52306820.0,0.8,7.54,,,
3543501,Riversul,Itapeva,Itapetininga,5599,119164.0,0.664,13.16,,,
3543600,Rifaina,Franca,Ribeirão Preto,4049,232911.0,0.74,28.39,,,
3543709,Rincão,Araraquara,Araraquara,9098,346937.0,0.734,6.64,,,
3543808,Rinópolis,Adamantina,Presidente Prudente,9259,495680.0,0.723,5.69,,,
3543907,Rio Claro,Rio Claro,Piracicaba,201418,15427117.0,0.803,15.55,,,
3544004,Rio das Pedras,Piracicaba,Piracicaba,31328,2037526.0,0.759,7.44,,,
3544103,Rio Grande da Serra,São Paulo,Metropolitana de São Paulo,44170,1166050.0,0.749,67.65,,,
3544202,Riolândia,Votuporanga,São José do Rio Preto,10309,390635.0,0.703,8.98,,,
3544251,Rosana,Presidente Prudente,Presidente Prudente,17440,1542731.0,0.764,9.76,,,
3544301,Roseira,Guaratinguetá,Vale do Paraíba Paulista,10832,450314.0,0.737,28.87,,,
3544400,Rubiácea,Araçatuba,Araçatuba,2700,88679.0,0.721,6.22,,,
3544509,Rubinéia,Jales,São José do Rio Preto,3833,196382.0,0.759,2.9,,,
3544608,Sabino,Lins,Bauru,5112,183225.0,0.728,8.51,,,
3544707,Sagres,Adamantina,Presidente Prudente,2474,72625.0,0.73,4.09,,,
3544806,Sales,Novo Horizonte,São José do Rio Preto,6437,266234.0,0.751,15.55,,,
3544905,Sales Oliveira,São Joaquim da Barra,Ribeirão Preto,11411,529464.0,0.772,7.58,,,
3545001,Salesópolis,Mogi das Cruzes,Metropolitana de São Paulo,15202,310985.0,0.732,48.04,,,
3545100,Salmourão,Adamantina,Presidente Prudente,4808,114824.0,0.719,13.8,,,
3545159,Saltinho,Piracicaba,Piracicaba,8161,471342.0,0.791,10.87,,,
3545209,Salto,Sorocaba,Macro Metropolitana Paulista,134319,11498959.0,0.78,6.5,,,
3545308,Salto de Pirapora,Sorocaba,Macro Metropolitana Paulista,43748,2856415.0,0.729,16.25,,,
3545407,Salto Grande,Ourinhos,Assis,9050,394928.0,0.704,7.08,,,
3545506,Sandovalina,Presidente Prudente,Presidente Prudente,3645,455962.0,0.709,5.0,,,
3545605,Santa Adélia,Catanduva,São José do Rio Preto,14018,560339.0,0.76,7.21,,,
3545704,Santa Albertina,Jales,São José do Rio Preto,6393,333897.0,0.728,3.76,,,
3545803,Santa Bárbara d'Oeste,Campinas,Campinas,183347,10803992.0,0.781,5.67,,,
3546009,Santa Branca,São José dos Campos,Vale do Paraíba Paulista,13975,357556.0,0.735,24.19,,,
3546108,Santa Clara d'Oeste,Jales,São José do Rio Preto,2598,130553.0,0.733,4.5,,,
3546207,Santa Cruz da Conceição,Limeira,Piracicaba,4277,200490.0,0.79,16.58,,,
3546256,Santa Cruz da Esperança,Batatais,Ribeirão Preto,2116,101459.0,0.743,25.0,,,
3546306,Santa Cruz das Palmeiras,Pirassununga,Campinas,28864,788978.0,0.728,16.49,,,
3546405,Santa Cruz do Rio Pardo,Ourinhos,Assis,46442,4319822.0,0.762,8.52,,,
3546504,Santa Ernestina,Jaboticabal,Ribeirão Preto,6118,152155.0,0.738,5.01,,,
3546603,Santa Fé do Sul,Jales,São José do Rio Preto,34794,1988880.0,0.784,5.54,,,
3546702,Santa Gertrudes,Limeira,Piracicaba,23611,3568257.0,0.737,5.46,,,
3546801,Santa Isabel,Guarulhos,Metropolitana de São Paulo,53174,2298061.0,0.738,40.26,,,
3546900,Santa Lúcia,Araraquara,Araraquara,7149,185362.0,0.737,8.56,,,
3547007,Santa Maria da Serra,Piracicaba,Piracicaba,5243,197769.0,0.686,15.46,,,
3547106,Santa Mercedes,Dracena,Presidente Prudente,2956,97262.0,0.739,2.31,,,
3547205,Santana da Ponte Pensa,Jales,São José do Rio Preto,1670,56776.0,0.773,3.53,,,
3547304,Santana de Parnaíba,Osasco,Metropolitana de São Paulo,154105,14328397.0,0.814,40.81,,,
3547403,Santa Rita d'Oeste,Jales,São José do Rio Preto,2733,105525.0,0.761,4.58,,,
3547502,Santa Rita do Passa Quatro,Ribeirão Preto,Ribeirão Preto,24833,992180.0,0.775,21.6,,,
3547601,Santa Rosa de Viterbo,Ribeirão Preto,Ribeirão Preto,23411,1131989.0,0.77,17.58,,,
3547650,Santa Salete,Jales,São José do Rio Preto,1645,66140.0,0.772,5.9,,,
3547700,Santo Anastácio,Presidente Prudente,Presidente Prudente,17963,630473.0,0.753,4.39,,,
3547809,Santo André,São Paulo,Metropolitana de São Paulo,748919,36931351.0,0.815,51.57,,,
3547908,Santo Antônio da Alegria,Batatais,Ribeirão Preto,6775,282937.0,0.702,27.83,,,
3548005,Santo Antônio de Posse,Mogi Mirim,Campinas,23244,2146890.0,0.702,6.27,,,
3548054,Santo Antônio do Aracanguá,Araçatuba,Araçatuba,8379,380219.0,0.757,6.24,,,
3548104,Santo Antônio do Jardim,São João da Boa Vista,Campinas,6126,253743.0,0.714,14.07,,,
3548203,Santo Antônio do Pinhal,Campos do Jordão,Vale do Paraíba Paulista,7133,191747.0,0.706,52.84,,,
3548302,Santo Expedito,Presidente Prudente,Presidente Prudente,3000,60256.0,0.732,2.38,,,
3548401,Santópolis do Aguapeí,Birigui,Araçatuba,3899,97802.0,0.74,4.08,,,
3548500,Santos,Santos,Metropolitana de São Paulo,418608,30961718.0,0.84,73.92,,,
3548609,São Bento do Sapucaí,Campos do Jordão,Vale do Paraíba Paulista,11674,354768.0,0.72,41.9,,,
3548708,São Bernardo do Campo,São Paulo,Metropolitana de São Paulo,810729,71965791.0,0.805,54.12,,,
3548807,São Caetano do Sul,São Paulo,Metropolitana de São Paulo,165655,22553448.0,0.862,0.0,,,
3548906,São Carlos,São Carlos,Araraquara,254857,18386920.0,0.805,20.45,,,
3549003,São Francisco,Jales,São José do Rio Preto,2602,59556.0,0.723,3.45,,,
3549102,São João da Boa Vista,São João da Boa Vista,Campinas,92547,5011181.0,0.797,15.25,,,
3549201,São João das Duas Pontes,Fernandópolis,São José do Rio Preto,2580,72713.0,0.72,6.81,,,
3549250,São João de Iracema,Auriflama,São José do Rio Preto,1846,69614.0,0.748,12.32,,,
3549300,São João do Pau d'Alho,Dracena,Presidente Prudente,2242,83376.0,0.75,2.91,,,
3549409,São Joaquim da Barra,São Joaquim da Barra,Ribeirão Preto,48558,2733786.0,0.762,7.85,,,
3549508,São José da Bela Vista,Franca,Ribeirão Preto,7626,336022.0,0.693,11.56,,,
3549607,São José do Barreiro,Bananal,Vale do Paraíba Paulista,3853,80553.0,0.684,63.09,,,
3549706,São José do Rio Pardo,São João da Boa Vista,Campinas,52205,2876973.0,0.774,15.21,,,
3549805,São José do Rio Preto,São José do Rio Preto,São José do Rio Preto,480393,26390121.0,0.797,6.21,,,
3549904,São José dos Campos,São José dos Campos,Vale do Paraíba Paulista,697054,61394524.0,0.807,30.56,,,
3549953,São Lourenço da Serra,Itapecerica da Serra,Metropolitana de São Paulo,16067,346115.0,0.728,83.58,,,
3550001,São Luiz do Paraitinga,Paraibuna/Paraitinga,Vale do Paraíba Paulista,10337,252579.0,0.697,39.53,,,
3550100,São Manuel,Botucatu,Bauru,37289,1889877.0,0.744,9.37,,,
3550209,São Miguel Arcanjo,Piedade,Macro Metropolitana Paulista,32039,1157726.0,0.71,27.1,,,
3550308,São Paulo,São Paulo,Metropolitana de São Paulo,11451999,1066825105.0,0.805,26.99,,,
3550407,São Pedro,Piracicaba,Piracicaba,38256,1243177.0,0.755,17.75,,,
3550506,São Pedro do Turvo,Ourinhos,Assis,7217,393936.0,0.703,15.08,,,
3550605,São Roque,Sorocaba,Macro Metropolitana Paulista,79484,4532567.0,0.768,46.31,,,
3550704,São Sebastião,Caraguatatuba,Vale do Paraíba Paulista,81595,17400619.0,0.772,88.52,,,
3550803,São Sebastião da Grama,São João da Boa Vista,Campinas,10441,481876.0,0.701,22.39,,,
3550902,São Simão,Ribeirão Preto,Ribeirão Preto,13442,648092.0,0.766,19.68,,,
3551009,São Vicente,Santos,Metropolitana de São Paulo,329911,7414656.0,0.768,68.83,,,
3551108,Sarapuí,Sorocaba,Macro Metropolitana Paulista,10369,270123.0,0.707,16.89,,,
3551207,Sarutaiá,Ourinhos,Assis,3704,115635.0,0.688,17.89,,,
3551306,Sebastianópolis do Sul,Nhandeara,São José do Rio Preto,3130,454542.0,0.773,12.1,,,
3551405,Serra Azul,Ribeirão Preto,Ribeirão Preto,12746,269297.0,0.686,17.71,,,
3551504,Serrana,Ribeirão Preto,Ribeirão Preto,43909,1454535.0,0.729,9.25,,,
3551603,Serra Negra,Amparo,Campinas,29894,1025007.0,0.767,19.8,,,
3551702,Sertãozinho,Ribeirão Preto,Ribeirão Preto,126887,9075018.0,0.761,5.14,,,
3551801,Sete Barras,Registro,Litoral Sul Paulista,12730,461849.0,0.673,79.04,,,
3551900,Severínia,Catanduva,São José do Rio Preto,14576,340597.0,0.715,5.38,,,
3552007,Silveiras,Bananal,Vale do Paraíba Paulista,6186,116266.0,0.678,31.81,,,
3552106,Socorro,Amparo,Campinas,40122,1449301.0,0.729,12.64,,,
3552205,Sorocaba,Sorocaba,Macro Metropolitana Paulista,723682,58816286.0,0.798,11.48,,,
3552304,Sud Mennucci,Andradina,Araçatuba,7355,302801.0,0.747,3.44,,,
3552403,Sumaré,Campinas,Campinas,279545,19026093.0,0.762,2.17,,,
3552502,Suzano,Mogi das Cruzes,Metropolitana de São Paulo,307429,18618698.0,0.765,30.36,,,
3552551,Suzanápolis,Andradina,Araçatuba,3408,511504.0,0.699,5.64,,,
3552601,Tabapuã,Catanduva,São José do Rio Preto,11323,397691.0,0.735,8.55,,,
3552700,Tabatinga,Araraquara,Araraquara,14769,512361.0,0.704,9.84,,,
3552809,Taboão da Serra,Itapecerica da Serra,Metropolitana de São Paulo,273542,12084179.0,0.769,6.0,,,
3552908,Taciba,Presidente Prudente,Presidente Prudente,6260,242091.0,0.723,8.2,,,
3553005,Taguaí,Ourinhos,Assis,12669,409335.0,0.709,10.04,,,
3553104,Taiaçu,Jaboticabal,Ribeirão Preto,5677,155640.0,0.71,6.1,,,
3553203,Taiúva,Jaboticabal,Ribeirão Preto,6548,188353.0,0.76,4.35,,,
3553302,Tambaú,São João da Boa Vista,Campinas,21435,966714.0,0.731,18.76,,,
3553401,Tanabi,São José do Rio Preto,São José do Rio Preto,25265,1592467.0,0.748,9.41,,,
3553500,Tapiraí,Piedade,Macro Metropolitana Paulista,7996,223954.0,0.681,89.73,,,
3553609,Tapiratiba,São João da Boa Vista,Campinas,11816,358653.0,0.751,22.79,,,
3553658,Taquaral,Jaboticabal,Ribeirão Preto,2619,92383.0,0.759,4.64,,,
3553708,Taquaritinga,Jaboticabal,Ribeirão Preto,52260,2307145.0,0.748,6.41,,,
3553807,Taquarituba,Itapeva,Itapetininga,24350,1279103.0,0.701,6.95,,,
3553856,Taquarivaí,Itapeva,Itapetininga,6876,433014.0,0.679,17.06,,,
3553906,Tarabai,Presidente Prudente,Presidente Prudente,6536,187171.0,0.726,4.94,,,
3553955,Tarumã,Assis,Assis,14882,1153083.0,0.753,3.74,,,
3554003,Tatuí,Tatuí,Itapetininga,123942,6784535.0,0.752,8.57,,,
3554102,Taubaté,São José dos Campos,Vale do Paraíba Paulista,310739,22607800.0,0.8,20.9,,,
3554201,Tejupá,Ourinhos,Assis,4127,341127.0,0.668,18.31,,,
3554300,Teodoro Sampaio,Presidente Prudente,Presidente Prudente,22173,822760.0,0.741,28.03,,,
3554409,Terra Roxa,Jaboticabal,Ribeirão Preto,7904,237426.0,0.749,5.23,,,
3554508,Tietê,Piracicaba,Piracicaba,37663,2954948.0,0.778,8.46,,,
3554607,Timburi,Ourinhos,Assis,2464,80268.0,0.71,28.83,,,
3554656,Torre de Pedra,Tatuí,Itapetininga,2046,44087.0,0.714,26.61,,,
3554706,Torrinha,Rio Claro,Piracicaba,9335,380075.0,0.744,11.47,,,
3554755,Trabiju,Araraquara,Araraquara,1682,66641.0,0.722,16.21,,,
3554805,Tremembé,São José dos Campos,Vale do Paraíba Paulista,51173,1091771.0,0.785,24.94,,,
3554904,Três Fronteiras,Jales,São José do Rio Preto,6804,155505.0,0.753,2.61,,,
3554953,Tuiuti,Bragança Paulista,Macro Metropolitana Paulista,6778,239682.0,0.728,13.29,,,
3555000,Tupã,Tupã,Marília,63928,3128302.0,0.771,5.73,,,
3555109,Tupi Paulista,Dracena,Presidente Prudente,15854,446938.0,0.769,3.08,,,
3555208,Turiúba,Birigui,Araçatuba,1818,88091.0,0.751,7.99,,,
3555307,Turmalina,Fernandópolis,São José do Rio Preto,1669,100226.0,0.736,6.37,,,
3555356,Ubarana,São José do Rio Preto,São José do Rio Preto,5365,298746.0,0.7,5.17,,,
3555406,Ubatuba,Caraguatatuba,Vale do Paraíba Paulista,92981,3506919.0,0.751,92.24,,,
3555505,Ubirajara,Bauru,Bauru,5132,201026.0,0.727,13.85,,,
3555604,Uchoa,São José do Rio Preto,São José do Rio Preto,10394,521824.0,0.721,7.16,,,
3555703,União Paulista,Nhandeara,São José do Rio Preto,1603,72244.0,0.749,8.13,,,
3555802,Urânia,Jales,São José do Rio Preto,8833,366620.0,0.746,4.21,,,
3555901,Uru,Bauru,Bauru,1387,66750.0,0.712,3.2,,,
3556008,Urupês,Novo Horizonte,São José do Rio Preto,13744,647135.0,0.745,7.14,,,
3556107,Valentim Gentil,Votuporanga,São José do Rio Preto,14098,565653.0,0.735,10.42,,,
3556206,Valinhos,Campinas,Campinas,126373,10200701.0,0.819,14.76,,,
3556305,Valparaíso,Araçatuba,Araçatuba,24241,1426927.0,0.725,8.16,,,
3556354,Vargem,Bragança Paulista,Macro Metropolitana Paulista,10512,222012.0,0.699,26.47,,,
3556404,Vargem Grande do Sul,São João da Boa Vista,Campinas,40133,1431642.0,0.737,10.05,,,
3556453,Vargem Grande Paulista,Itapecerica da Serra,Metropolitana de São Paulo,50415,3524293.0,0.77,24.34,,,
3556503,Várzea Paulista,Jundiaí,Macro Metropolitana Paulista,115771,4736062.0,0.759,18.16,,,
3556602,Vera Cruz,Marília,Marília,10176,302805.0,0.754,17.56,,,
3556701,Vinhedo,Campinas,Campinas,76540,14699664.0,0.817,17.53,,,
3556800,Viradouro,Jaboticabal,Ribeirão Preto,17414,563836.0,0.739,3.74,,,
3556909,Vista Alegre do Alto,Jaboticabal,Ribeirão Preto,8109,705941.0,0.744,4.36,,,
3556958,Vitória Brasil,Jales,São José do Rio Preto,1794,64481.0,0.725,3.63,,,
3557006,Votorantim,Sorocaba,Macro Metropolitana Paulista,127923,5209654.0,0.767,24.72,,,
3557105,Votuporanga,Votuporanga,São José do Rio Preto,96634,4582203.0,0.79,9.7,,,
3557154,Zacarias,São José do Rio Preto,São José do Rio Preto,2692,177562.0,0.729,4.36,,,
3557204,Chavantes,Ourinhos,Assis,12211,477220.0,0.729,7.62,,,
3557303,Estiva Gerbi,Mogi Mirim,Campinas,11295,532212.0,0.74,11.02,,,
